little_index,middle_index,middle_little,ring_index,ring_little,ring_middle,thumb_index,thumb_little,thumb_middle,thumb_ring
0.6100000000000001,0.66,0.59,0.86,0.85,0.7500000000000001,0.67,0.63,0.71,0.8800000000000001
0.6199999999999999,0.62,0.6399999999999999,0.6000000000000001,0.65,0.6499999999999999,0.6599999999999999,0.62,0.5700000000000001,0.68
0.6500000000000001,0.6599999999999999,0.6500000000000001,0.72,0.74,0.8,0.7,0.63,0.6700000000000002,0.7699999999999999
0.5900000000000001,0.56,0.6199999999999999,0.53,0.62,0.6499999999999999,0.53,0.58,0.68,0.6499999999999999
0.62,0.64,0.6400000000000001,0.5700000000000001,0.6599999999999999,0.6299999999999999,0.6399999999999999,0.6599999999999999,0.6200000000000001,0.6399999999999999
